<xml xmlns="http://www.w3.org/1999/xhtml"><block type="onfirstboot" id="onfirstboot" x="43" y="12"><next><block type="sethostname" id="24JDV1m:2),!U(?eQrIx"><field name="1">piZero</field><next><block type="wifisetup" id="C-Edii`sX(/|_MG%VBom"><field name="1">network name</field><field name="2">password</field><field name="3">WPA/WPA2</field><field name="4">GB</field></block></next></block></next></block><block type="onboot" id=".-t;+M.5BZ9Uq)mhqptx" x="41" y="223"><next><block type="downloadfile" id="^u2}@*u5cB!LP^KqvT:E"><field name="1">https://raw.githubusercontent.com/simonmonk/raspberrypi_cookbook_ed3/master/python/led_blink.py</field><field name="2">/home/pi/led_blink.py</field><next><block type="runpython" id="it:ar!Nlgsmct`),qGDH"><field name="1">/home/pi/led_blink.py</field><field name="2">pi</field></block></next></block></next></block></xml>